[
    {
      "id":"1",
      "name":"darks",
      "desc":"asdfkalsfghjkalsdf",
      "homepage":"https://www.naver.com",
      "image":"http://dummyimage.com/229x162.jpg/ff4444/ffffff"
    },
    {
      "id":"2",
      "name":"hello",
      "desc":"asdfkalsfghjkalsdf",
      "homepage":"https://www.naver.com",
      "image":"http://dummyimage.com/229x162.jpg/ff4444/ffffff"
    },
    {
      "id":"3",
      "name":"test3",
      "desc":"asdfkalsfghjkalsdf",
      "homepage":"https://www.naver.com",
      "image":"http://dummyimage.com/229x162.jpg/ff4444/ffffff"
    },
    {
      "id":"4",
      "name":"Voonyx",
      "desc":"asdfkalsfghjkalsdf",
      "homepage":"https://www.naver.com",
      "image":"http://dummyimage.com/229x162.jpg/ff4444/ffffff"
    },
    {
      "id":"5",
      "name":"Voonyx",
      "desc":"asdfkalsfghjkalsdf",
      "homepage":"https://www.naver.com",
      "image":"http://dummyimage.com/229x162.jpg/ff4444/ffffff"
    },
    {
      "id":"6",
      "name":"Voonyx",
      "desc":"asdfkalsfghjkalsdf",
      "homepage":"https://www.naver.com",
      "image":"http://dummyimage.com/229x162.jpg/ff4444/ffffff"
    },
    {
      "id":"7",
      "name":"Voonyx",
      "desc":"asdfkalsfghjkalsdf",
      "homepage":"https://www.naver.com",
      "image":"http://dummyimage.com/229x162.jpg/ff4444/ffffff"
    }
    
]

